日時,商品名,サイズ,地名,変動,担当者,区分,詳細・出荷先,数量,在庫数
2025-12-27 07:20:00,パンケーキ,大,青森,,システム,新規登録,,39,0
2025-12-27 07:31:00,パンケーキ,小,信州,,システム,新規登録,,0,0
2025-12-27 07:35:00,パンケーキ,大,東京,,佐藤,入庫,,88,0
2025-12-27 07:44:00,パンケーキ,大,阿蘇,,システム,新規登録,,54,0
2025-12-27 07:45:00,パンケーキ,大,秋田,,システム,新規登録,,51,0
2025-12-27 07:45:00,パンケーキ,大,岩手,,システム,新規登録,,52,0
2025-12-27 07:46:00,パンケーキ,大,伊豆,,システム,新規登録,,50,0
2025-12-27 07:46:00,パンケーキ,大,伊香保,,システム,新規登録,,48,0
2025-12-27 07:47:00,パンケーキ,大,伊勢志摩,,システム,新規登録,,78,0
2025-12-27 07:47:00,パンケーキ,大,ラグナシア,,システム,新規登録,,49,0
2025-12-27 07:47:00,パンケーキ,大,大分,,システム,新規登録,,52,0
2025-12-27 07:49:00,パンケーキ,大,小樽,,システム,新規登録,,14,0
2025-12-27 07:49:00,パンケーキ,大,阿蘇,,手塚,基準変更,,0,0
2025-12-27 07:49:00,パンケーキ,大,軽井沢,,システム,新規登録,,50,0
2025-12-27 07:49:00,パンケーキ,大,秋田,,手塚,基準変更,,0,0
2025-12-27 07:49:00,パンケーキ,大,岩手,,手塚,基準変更,,0,0
2025-12-27 07:50:00,パンケーキ,大,伊豆,,佐藤,基準変更,,0,0
2025-12-27 07:50:00,パンケーキ,大,金沢,,システム,新規登録,,38,0
2025-12-27 07:50:00,パンケーキ,大,伊香保,,佐藤,基準変更,,0,0
2025-12-27 07:50:00,パンケーキ,大,上高地,,システム,新規登録,,52,0
2025-12-27 07:51:00,パンケーキ,大,伊勢志摩,,手塚,基準変更,,0,0
2025-12-27 07:51:00,パンケーキ,大,鹿児島,,システム,新規登録,,14,0
2025-12-27 07:52:00,パンケーキ,大,群馬,,システム,新規登録,,44,0
2025-12-27 07:53:00,パンケーキ,大,草津温泉t,,システム,新規登録,,35,0
2025-12-27 07:53:00,パンケーキ,大,草津温泉,,システム,新規登録,,35,0
2025-12-27 07:54:00,パンケーキ,大,下呂温泉,,システム,新規登録,,79,0
2025-12-27 07:54:00,パンケーキ,大,信州,,システム,新規登録,,57,0
2025-12-27 07:55:00,パンケーキ,大,大分,,手塚,基準変更,,0,0
2025-12-27 07:55:00,パンケーキ,大,秩父,,システム,新規登録,,48,0
2025-12-27 07:55:00,パンケーキ,大,小樽,,佐藤,基準変更,,0,0
2025-12-27 07:56:00,パンケーキ,大,軽井沢,,手塚,基準変更,,0,0
2025-12-27 07:56:00,パンケーキ,大,富山,,システム,新規登録,,49,0
2025-12-27 07:57:00,パンケーキ,大,栃木,,システム,新規登録,,45,0
2025-12-27 07:57:00,パンケーキ,大,金沢,,手塚,基準変更,,0,0
2025-12-27 07:57:00,パンケーキ,大,十和田湖,,システム,新規登録,,36,0
2025-12-27 07:57:00,パンケーキ,大,上高地,,手塚,基準変更,,0,0
2025-12-27 07:58:00,パンケーキ,大,那須高原,,システム,新規登録,,52,0
2025-12-27 07:58:00,パンケーキ,大,鹿児島,,手塚,基準変更,,0,0
2025-12-27 07:58:00,パンケーキ,大,群馬,,手塚,基準変更,,0,0
2025-12-27 07:58:00,パンケーキ,大,箱根,,システム,新規登録,,45,0
2025-12-27 07:59:00,パンケーキ,大,福井,,システム,新規登録,,50,0
2025-12-27 07:59:00,パンケーキ,大,福岡,,システム,新規登録,,32,0
2025-12-27 08:00:00,パンケーキ,大,富士山,,システム,新規登録,,48,0
2025-12-27 08:01:00,パンケーキ,大,草津温泉,,佐藤,基準変更,,0,0
2025-12-27 08:01:00,パンケーキ,大,宮城,,システム,新規登録,,38,0
2025-12-27 08:01:00,パンケーキ,大,下呂温泉,,手塚,基準変更,,0,0
2025-12-27 08:01:00,パンケーキ,大,ラグナシア,,システム,新規登録,,49,0
2025-12-27 08:02:00,パンケーキ,大,信州,,手塚,基準変更,,0,0
2025-12-27 08:16:00,パンケーキ,大,東京,,手塚,基準変更,,0,0
2026-01-05 07:53:00,パンケーキ,大,箱根,,手塚,出庫,,3,0
2026-01-05 07:54:00,パンケーキ,大,福井,,手塚,出庫,,10,0
2026-01-05 07:54:00,パンケーキ,大,伊豆,,佐藤,出庫,,15,0
2026-01-05 17:26:00,パンケーキ,小,青森,,システム,新規登録,,44,0
2026-01-05 17:29:00,パンケーキ,小,阿蘇,,システム,新規登録,,31,0
2026-01-05 17:29:00,パンケーキ,小,天橋立,,システム,新規登録,,54,0
2026-01-05 17:30:00,パンケーキ,小,淡路島,,システム,新規登録,,45,0
2026-01-05 17:30:00,パンケーキ,小,岩手,,システム,新規登録,,119,0
2026-01-05 17:30:00,パンケーキ,小,伊豆,,システム,新規登録,,45,0
2026-01-05 17:31:00,パンケーキ,小,伊香保,,システム,新規登録,,44,0
2026-01-05 17:31:00,パンケーキ,小,伊勢志摩,,システム,新規登録,,50,0
2026-01-05 17:31:00,パンケーキ,小,出雲,,システム,新規登録,,34,0
2026-01-05 17:31:00,パンケーキ,小,大分,,システム,新規登録,,40,0
2026-01-05 17:32:00,パンケーキ,小,小樽,,システム,新規登録,,40,0
2026-01-05 17:32:00,パンケーキ,小,軽井沢,,システム,新規登録,,36,0
2026-01-05 17:32:00,パンケーキ,小,金沢,,システム,新規登録,,44,0
2026-01-05 17:32:00,パンケーキ,小,上高地,,システム,新規登録,,37,0
2026-01-05 17:33:00,パンケーキ,小,鹿児島,,システム,新規登録,,20,0
2026-01-05 17:33:00,パンケーキ,小,城崎温泉,,システム,新規登録,,48,0
2026-01-05 17:35:00,パンケーキ,小,京都,,システム,新規登録,,48,0
2026-01-05 17:43:00,パンケーキ,小,京都,,システム,新規登録,,30,0
2026-01-05 17:43:00,パンケーキ,小,群馬,,システム,新規登録,,37,0
2026-01-05 17:44:00,パンケーキ,小,草津温泉,,システム,新規登録,,36,0
2026-01-05 17:44:00,パンケーキ,小,下呂温泉,,システム,新規登録,,35,0
2026-01-05 17:44:00,パンケーキ,小,佐賀,,システム,新規登録,,46,0
2026-01-05 17:44:00,パンケーキ,小,讃岐,,システム,新規登録,,15,0
2026-01-05 17:45:00,パンケーキ,小,信州,,システム,新規登録,,43,0
2026-01-05 17:45:00,パンケーキ,小,但馬,,システム,新規登録,,36,0
2026-01-05 17:45:00,パンケーキ,小,大山,,システム,新規登録,,41,0
2026-01-05 17:46:00,パンケーキ,小,丹後,,システム,新規登録,,43,0
2026-01-05 17:46:00,パンケーキ,小,東京,,システム,新規登録,,101,0
2026-01-05 17:46:00,パンケーキ,小,東京サンデイ,,システム,新規登録,,75,0
2026-01-05 17:47:00,パンケーキ,小,栃木,,システム,新規登録,,43,0
2026-01-05 17:47:00,パンケーキ,小,富山,,システム,新規登録,,47,0
2026-01-05 17:47:00,パンケーキ,小,徳島,,システム,新規登録,,43,0
2026-01-05 17:47:00,パンケーキ,小,那須高原,,システム,新規登録,,35,0
2026-01-05 17:48:00,パンケーキ,小,奈良,,システム,新規登録,,51,0
2026-01-05 17:48:00,パンケーキ,小,箱根,,システム,新規登録,,26,0
2026-01-05 17:48:00,パンケーキ,小,広島,,システム,新規登録,,41,0
2026-01-05 17:48:00,パンケーキ,小,飛騨,,システム,新規登録,,40,0
2026-01-05 17:49:00,パンケーキ,小,福井,,システム,新規登録,,25,0
2026-01-05 17:49:00,パンケーキ,小,福岡,,システム,新規登録,,36,0
2026-01-05 17:50:00,パンケーキ,小,富士山,,システム,新規登録,,32,0
2026-01-05 17:50:00,パンケーキ,小,舞浜ユーラシア,,システム,新規登録,,33,0
2026-01-05 17:51:00,パンケーキ,小,門司港,,システム,新規登録,,28,0
2026-01-05 17:51:00,パンケーキ,小,和歌山,,システム,新規登録,,20,0
2026-01-05 17:51:00,パンケーキ,小,一般,,システム,新規登録,,10,0
2026-01-05 17:56:00,パンケーキ,4個入,一般,,システム,新規登録,,0,0
2026-01-05 17:57:00,パンケーキ,4個入,白箱,,システム,新規登録,,843,0
2026-01-05 17:58:00,パンケーキ,4個入,北海道,,システム,新規登録,,549,0
2026-01-05 17:59:00,パンケーキ,4個入,函館,,システム,新規登録,,407,0
2026-01-05 17:59:00,パンケーキ,4個入,讃岐（箔）,,システム,新規登録,,27,0
2026-01-05 18:00:00,パンケーキ,4個入,伊勢志摩（箔）,,システム,新規登録,,39,0
2026-01-05 18:01:00,パンケーキ,小,東京サンデイ,,手塚,基準変更,,0,0
2026-01-05 18:17:00,パンケーキ,小,東京サンデイ,,佐藤,入庫,,60,0
2026-01-06 11:56:00,あんサンド。,小,那須高原,,システム,新規登録,,26,0
2026-01-06 11:56:00,あんサンド。,小,会津,,システム,新規登録,,30,0
2026-01-06 11:57:00,あんサンド。,小,神戸,,システム,新規登録,,19,0
2026-01-06 11:57:00,あんサンド。,小,那須高原,,手塚,基準変更,,0,0
2026-01-06 11:58:00,あんサンド。,小,会津,,手塚,基準変更,,0,0
2026-01-06 11:58:00,あんサンド。,小,丹波,,システム,新規登録,,32,0
2026-01-06 11:58:00,あんサンド。,小,大阪心斎橋,,システム,新規登録,,27,0
2026-01-06 11:59:00,あんサンド。,小,岩手,,システム,新規登録,,30,0
2026-01-06 11:59:00,あんサンド。,小,蒜山,,システム,新規登録,,31,0
2026-01-06 11:59:00,あんサンド。,小,千葉,,システム,新規登録,,30,0
2026-01-06 11:59:00,あんサンド。,小,福井,,システム,新規登録,,31,0
2026-01-06 11:59:00,あんサンド。,小,富士山,,システム,新規登録,,34,0
2026-01-06 12:00:00,あんサンド。,小,長崎,,システム,新規登録,,31,0
2026-01-06 12:00:00,あんサンド。,小,伊豆,,システム,新規登録,,23,0
2026-01-06 12:00:00,あんサンド。,小,箱根,,システム,新規登録,,31,0
2026-01-06 12:00:00,あんサンド。,小,函館,,システム,新規登録,,40,0
2026-01-06 12:01:00,あんサンド。,小,大分,,システム,新規登録,,41,0
2026-01-06 12:01:00,あんサンド。,小,秋田,,システム,新規登録,,33,0
2026-01-06 12:01:00,あんサンド。,小,讃岐,,システム,新規登録,,30,0
2026-01-06 12:01:00,あんサンド。,小,湯布院,,システム,新規登録,,26,0
2026-01-06 12:02:00,あんサンド。,小,出羽三山,,システム,新規登録,,32,0
2026-01-06 12:02:00,あんサンド。,小,福岡,,システム,新規登録,,30,0
2026-01-06 12:02:00,あんサンド。,小,伊勢志摩,,システム,新規登録,,36,0
2026-01-06 12:03:00,あんサンド。,小,群馬,,システム,新規登録,,34,0
2026-01-06 12:03:00,あんサンド。,小,蔵王,,システム,新規登録,,30,0
2026-01-06 12:03:00,あんサンド。,小,福島,,システム,新規登録,,35,0
2026-01-06 12:03:00,あんサンド。,小,鳥取,,システム,新規登録,,37,0
2026-01-06 12:04:00,あんサンド。,小,宮城,,システム,新規登録,,36,0
2026-01-06 12:04:00,あんサンド。,小,茨城,,システム,新規登録,,31,0
2026-01-06 16:20:00,あんサンド。,なし,茨城,,手塚,入庫,,1,0
2026-01-06 16:20:00,あんサンド。,なし,宮城,,手塚,入庫,,1,0
2026-01-06 16:22:00,あんサンド。, - ,茨城,,手塚,入庫,,1,0
2026-01-06 16:22:00,あんサンド。, - ,宮城,,手塚,入庫,,1,0
2026-01-06 16:23:00,あんサンド。, - ,鳥取,,手塚,入庫,,1,0
2026-01-06 16:23:00,あんサンド。, - ,福島,,手塚,編集,,0,0
2026-01-06 16:24:00,あんサンド。, - ,茨城,,手塚,出庫,,2,0
2026-01-06 16:24:00,あんサンド。, - ,鳥取,,手塚,出庫,,1,0
2026-01-06 16:24:00,あんサンド。, - ,宮城,,手塚,出庫,,2,0
2026-01-06 16:25:00,あんサンド。, - ,蔵王,,手塚,編集,,0,0
2026-01-06 16:25:00,あんサンド。, - ,群馬,,手塚,編集,,0,0
2026-01-06 16:25:00,あんサンド。, - ,伊勢志摩,,手塚,編集,,0,0
2026-01-06 16:25:00,あんサンド。, - ,福岡,,手塚,編集,,0,0
2026-01-06 16:25:00,あんサンド。, - ,出羽三山,,手塚,編集,,0,0
2026-01-06 16:26:00,あんサンド。, - ,秋田,,手塚,編集,,0,0
2026-01-06 16:26:00,あんサンド。, - ,大分,,手塚,編集,,0,0
2026-01-06 16:26:00,あんサンド。, - ,讃岐,,手塚,編集,,0,0
2026-01-06 16:26:00,あんサンド。, - ,湯布院,,手塚,編集,,0,0
2026-01-06 16:26:00,あんサンド。, - ,函館,,手塚,編集,,0,0
2026-01-06 16:26:00,あんサンド。, - ,箱根,,手塚,編集,,0,0
2026-01-06 16:26:00,あんサンド。, - ,伊豆,,手塚,編集,,0,0
2026-01-06 16:27:00,あんサンド。, - ,長崎,,手塚,編集,,0,0
2026-01-06 16:27:00,あんサンド。, - ,富士山,,手塚,編集,,0,0
2026-01-06 16:28:00,あんサンド。, - ,福井,,手塚,編集,,0,0
2026-01-06 16:29:00,あんサンド。, - ,千葉,,手塚,編集,,0,0
2026-01-06 16:29:00,あんサンド。, - ,蒜山,,手塚,編集,,0,0
2026-01-06 16:29:00,あんサンド。, - ,岩手,,手塚,編集,,0,0
2026-01-06 16:30:00,あんサンド。, - ,会津,,手塚,編集,,0,0
2026-01-06 16:30:00,あんサンド。, - ,大阪心斎橋,,手塚,編集,,0,0
2026-01-06 16:30:00,あんサンド。, - ,丹波,,手塚,編集,,0,0
2026-01-06 16:30:00,あんサンド。, - ,神戸,,手塚,編集,,0,0
2026-01-06 16:30:00,あんサンド。, - ,那須高原,,手塚,編集,,0,0
2026-01-06 17:23:00,ベイクドミルフィーネ,大,北海道,,システム,新規登録,,51,0
2026-01-06 17:24:00,ベイクドミルフィーネ,大,佐渡,,システム,新規登録,,37,0
2026-01-06 17:24:00,ベイクドミルフィーネ,大,アライリゾート,,システム,新規登録,,0,0
2026-01-06 17:24:00,ベイクドミルフィーネ,小,アライリゾート,,システム,新規登録,,19,0
2026-01-06 17:25:00,ベイクドミルフィーネ,小,北海道,,システム,新規登録,,22,0
2026-01-06 17:25:00,ベイクドミルフィーネ,小,淡路島,,システム,新規登録,,21,0
2026-01-06 17:25:00,ベイクドミルフィーネ,小,信州,,システム,新規登録,,37,0
2026-01-06 17:25:00,ベイクドミルフィーネ,小,函館,,システム,新規登録,,21,0
2026-01-06 17:26:00,ベイクドミルフィーネ,小,奈良,,システム,新規登録,,38,0
2026-01-06 17:26:00,ベイクドミルフィーネ,小,群馬,,システム,新規登録,,28,0
2026-01-06 17:26:00,ベイクドミルフィーネ,小,佐渡,,システム,新規登録,,14,0
2026-01-06 17:26:00,ベイクドミルフィーネ,小,桜島,,システム,新規登録,,51,0
2026-01-06 17:27:00,ベイクドミルフィーネ,小,高崎山,,システム,新規登録,,41,0
2026-01-06 17:28:00,ベイクドミルフィーネ,小,アライリゾート,,手塚,編集,,0,0
2026-01-06 19:17:00,パンケーキ,小,天橋立,,手塚,出庫,,20,0
2026-01-06 19:18:00,パンケーキ,小,群馬,,手塚,出庫,,5,0
2026-01-06 19:18:00,パンケーキ,小,信州,,手塚,出庫,,8,0
2026-01-06 19:20:00,パンケーキ,小,那須高原,,手塚,出庫,,5,0
2026-01-06 19:20:00,パンケーキ,小,福井,,手塚,出庫,,10,0
2026-01-06 19:21:00,パンケーキ,小,和歌山,,手塚,出庫,,10,0
2026-01-06 19:21:00,パンケーキ,大,伊豆,,手塚,出庫,,15,0
2026-01-06 19:22:00,パンケーキ,大,金沢,,手塚,出庫,,5,0
2026-01-06 19:22:00,パンケーキ,大,群馬,,手塚,出庫,,26,0
2026-01-06 19:23:00,パンケーキ,大,東京,,手塚,出庫,,25,0
2026-01-06 19:23:00,パンケーキ,大,那須高原,,手塚,出庫,,10,0
2026-01-06 19:23:00,パンケーキ,大,那須高原,,手塚,編集,,0,0
2026-01-06 19:24:00,パンケーキ,大,宮城,,手塚,編集,,0,0
2026-01-06 19:24:00,パンケーキ,大,秩父,,手塚,編集,,0,0
2026-01-06 19:24:00,パンケーキ,大,富士山,,手塚,編集,,0,0
2026-01-06 19:25:00,パンケーキ,大,福岡,,手塚,編集,,0,0
2026-01-06 19:25:00,パンケーキ,大,栃木,,手塚,編集,,0,0
2026-01-06 19:25:00,パンケーキ,大,十和田湖,,手塚,編集,,0,0
2026-01-06 19:25:00,パンケーキ,大,富山,,手塚,編集,,0,0
2026-01-07 09:01:00,パンケーキ,大,鹿児島,,手塚,編集,,0,0
2026-01-07 09:01:00,パンケーキ,大,小樽,,手塚,編集,,0,0
2026-01-07 09:02:00,パンケーキ,小,讃岐,,手塚,編集,,0,0
2026-01-07 09:02:00,パンケーキ,小,鹿児島,,手塚,編集,,0,0
2026-01-07 09:02:00,パンケーキ,小,一般,,手塚,編集,,0,0
2026-01-07 09:03:00,パンケーキ,4個入,一般,,手塚,編集,,0,0
2026-01-07 15:37:00,ベイクドミルフィーネ,小,群馬,,手塚,出庫,,5,0
2026-01-07 16:16:00,パンケーキ,小,伊勢志摩,,手塚,出庫,,10,0
2026-01-07 16:17:00,パンケーキ,小,東京,,手塚,出庫,,10,0
2026-01-07 16:17:00,パンケーキ,小,那須高原,,手塚,出庫,,6,0
2026-01-07 16:18:00,パンケーキ,大,那須高原,,手塚,出庫,,10,0
2026-01-07 16:18:00,パンケーキ,大,東京,,手塚,出庫,,20,0
2026-01-07 16:18:00,パンケーキ,大,秩父,,手塚,出庫,,5,0
2026-01-07 16:19:00,パンケーキ,大,草津温泉,,手塚,出庫,,7,0
2026-01-07 16:20:00,パンケーキ,小,和歌山,,手塚,入庫,,10,0
2026-01-07 16:20:00,パンケーキ,小,那須高原,,手塚,入庫,,10,0
2026-01-07 16:20:00,パンケーキ,小,福井,,手塚,入庫,,20,0
2026-01-07 16:20:00,パンケーキ,小,門司港,,手塚,入庫,,10,0
2026-01-07 16:21:00,パンケーキ,小,箱根,,手塚,入庫,,10,0
2026-01-07 16:21:00,パンケーキ,小,京都,,手塚,入庫,,10,0
2026-01-08 09:32:00,パンケーキ,小,和歌山,,手塚,入庫,,10,0
2026-01-08 09:32:00,パンケーキ,小,和歌山,,手塚,出庫,,10,0
2026-01-08 09:33:00,パンケーキ,大,東京,,手塚,入庫,,30,0
2026-01-08 09:51:00,パンケーキ,大,群馬,,手塚,入庫,,20,0
2026-01-08 09:51:00,パンケーキ,大,伊豆,,手塚,入庫,,20,0
2026-01-08 12:07:00,パンケーキ,大,那須高原,,手塚,入庫,,20,0
2026-01-08 12:07:00,パンケーキ,大,福岡,,手塚,入庫,,20,0
2026-01-08 12:07:00,パンケーキ,大,東京,,手塚,入庫,,20,0
2026-01-09 09:26:00,会津ピーナッツタルト, - ,-,,システム,新規登録,,342,0
2026-01-09 09:26:00,日光の切り株, - ,-,,システム,新規登録,,149,0
2026-01-09 09:27:00,佐渡牛乳タルトクッキー, - ,-,,システム,新規登録,,325,0
2026-01-09 09:28:00,カカオフィーユ,小,-,,システム,新規登録,,252,0
2026-01-09 09:28:00,カカオフィーユ,大,-,,システム,新規登録,,324,0
2026-01-09 09:28:00,三島スカイウォーク,小,-,,システム,新規登録,,170,0
2026-01-09 09:29:00,三島スカイウォーク,大,-,,システム,新規登録,,277,0
2026-01-09 09:29:00,レモフィーユ, - ,-,,システム,新規登録,,392,0
2026-01-09 09:30:00,ストロベリーフィーユ, - ,-,,システム,新規登録,,297,0
2026-01-09 09:30:00,こころかさね,小,北海道,,システム,新規登録,,45,0
2026-01-09 09:30:00,こころかさね,大,北海道,,システム,新規登録,,0,0
2026-01-09 09:31:00,こころかさね,大,那須高原,,システム,新規登録,,0,0
2026-01-09 09:31:00,こころかさね,小,那須高原,,システム,新規登録,,61,0
2026-01-09 09:32:00,ボクのイチオシ,小,一般,,システム,新規登録,,10,0
2026-01-09 09:32:00,ボクのイチオシ,小,信州,,システム,新規登録,,0,0
2026-01-09 09:32:00,ボクのイチオシ,小,佐賀,,システム,新規登録,,0,0
2026-01-09 09:33:00,ボクのイチオシ,小,函館,,システム,新規登録,,10,0
2026-01-09 09:33:00,ボクのイチオシ,小,伊豆,,システム,新規登録,,5,0
2026-01-09 09:33:00,ボクのイチオシ,大,伊豆,,システム,新規登録,,0,0
2026-01-09 09:33:00,ボクのイチオシ,大,一般,,システム,新規登録,,56,0
2026-01-09 09:34:00,しまねっこ イチオシ, - ,-,,システム,新規登録,,78,0
2026-01-09 09:35:00,ポテくまくんのイチオシ, - ,-,,システム,新規登録,,181,0
2026-01-09 09:35:00,ベコのイチオシ, - ,-,,システム,新規登録,,79,0
2026-01-09 09:36:00,ペンちゃんのイチオシ,小,一般,,システム,新規登録,,10,0
2026-01-09 09:36:00,ペンちゃんのイチオシ,小,男鹿GAO,,システム,新規登録,,39,0
2026-01-09 09:37:00,ペンちゃんのイチオシ,小,あさひやま,,システム,新規登録,,30,0
2026-01-09 09:37:00,ペンちゃんのイチオシ,小,群馬,,システム,新規登録,,40,0
2026-01-09 09:37:00,ペンちゃんのイチオシ,大,一般,,システム,新規登録,,11,0
2026-01-09 09:38:00,ヨゾラノオクリモノ,大,一般,,システム,新規登録,,0,0
2026-01-09 09:38:00,ヨゾラノオクリモノ,小,一般,,システム,新規登録,,0,0
2026-01-09 09:39:00,ペンちゃんクッキー, - ,-,,システム,新規登録,,88,0
2026-01-09 09:39:00,星屑のステージ, - ,-,,システム,新規登録,,19,0
2026-01-09 09:40:00,にゃんこ白箱, - ,-,,システム,新規登録,,934,0
2026-01-09 09:41:00,チーズバトン, - ,一般,,システム,新規登録,,20,0
2026-01-09 09:43:00,チーズバトン, - ,北海道,,システム,新規登録,,20,0
2026-01-09 09:43:00,チーズバトン, - ,大山,,システム,新規登録,,30,0
2026-01-09 09:43:00,チーズバトン, - ,但馬,,システム,新規登録,,20,0
2026-01-09 09:44:00,チーズバトン, - ,鳥取,,システム,新規登録,,29,0
2026-01-09 09:44:00,チーズバトン, - ,いずもちーずけーき,,システム,新規登録,,20,0
2026-01-09 09:44:00,チーズバトン, - ,伊豆,,システム,新規登録,,22,0
2026-01-09 09:44:00,チーズバトン, - ,秋保,,システム,新規登録,,32,0
2026-01-09 09:45:00,チーズバトン, - ,横浜,,システム,新規登録,,20,0
2026-01-09 09:45:00,チーズバトン, - ,新潟,,システム,新規登録,,21,0
2026-01-09 09:45:00,チーズバトン, - ,GUNMA（群馬）,,システム,新規登録,,29,0
2026-01-09 09:46:00,チーズバトン, - ,ひるがの高原,,システム,新規登録,,15,0
2026-01-09 09:46:00,チーズバトン, - ,白箱,,システム,新規登録,,200,0
2026-01-09 09:47:00,にゃんこ白箱, - ,-,,手塚,削除,,0,0
2026-01-09 09:47:00,にゃんこ, - ,白箱,,システム,新規登録,,934,0
2026-01-09 09:48:00,にゃんこ, - ,白箱,,手塚,削除,,0,0
2026-01-09 09:48:00,にゃんこ三兄弟, - ,白箱,,システム,新規登録,,934,0
2026-01-09 09:49:00,富士山ラングドゥール,小,-,,システム,新規登録,,182,0
2026-01-09 09:50:00,富士山ラングドゥール,大,-,,システム,新規登録,,135,0
2026-01-09 09:50:00,ルレ神戸,小,-,,システム,新規登録,,0,0
2026-01-09 09:51:00,ルレ神戸,中,-,,システム,新規登録,,115,0
2026-01-09 09:51:00,ルレ神戸,大,-,,システム,新規登録,,58,0
2026-01-09 09:51:00,出雲ご縁巡り, - ,-,,システム,新規登録,,2,0
2026-01-09 09:52:00,名古屋 OGURA LANGUE, - ,-,,システム,新規登録,,113,0
2026-01-09 09:52:00,さがラングドシャ,小,-,,システム,新規登録,,73,0
2026-01-09 09:53:00,さがラングドシャ,大,-,,システム,新規登録,,96,0
2026-01-09 09:53:00,もも太郎ラングドシャ,大,-,,システム,新規登録,,54,0
2026-01-09 09:53:00,もも太郎ラングドシャ,小,-,,システム,新規登録,,190,0
2026-01-09 09:56:00,フロランタン, - ,一般,,システム,新規登録,,2,0
2026-01-09 09:56:00,フロランタン, - ,横浜,,システム,新規登録,,30,0
2026-01-09 09:57:00,フロランタン, - ,但馬,,システム,新規登録,,0,0
2026-01-09 09:57:00,フロランタン, - ,大山,,システム,新規登録,,0,0
2026-01-09 09:57:00,フロランタン, - ,新潟,,システム,新規登録,,0,0
2026-01-09 09:58:00,フロランタン, - ,神戸,,システム,新規登録,,0,0
2026-01-09 09:58:00,フロランタン, - ,秋保,,システム,新規登録,,0,0
2026-01-09 09:58:00,フロランタン, - ,伊豆,,システム,新規登録,,0,0
2026-01-09 09:58:00,フロランタン, - ,茶臼山,,システム,新規登録,,0,0
2026-01-09 09:58:00,フロランタン, - ,軽井沢,,システム,新規登録,,0,0
2026-01-09 10:05:00,富士山小山クランチ, - ,-,,システム,新規登録,,64,0
2026-01-09 10:05:00,赤富士小山クランチ, - ,-,,システム,新規登録,,113,0
2026-01-09 10:06:00,ショコラマルシェ（苺）, - ,-,,システム,新規登録,,210,0
2026-01-09 10:07:00,ネコしゃぼん, - ,-,,システム,新規登録,,37,0
2026-01-09 10:07:00,THE INDIGO, - ,一般,,システム,新規登録,,20,0
2026-01-09 10:08:00,THE INDIGO, - ,信州,,システム,新規登録,,4,0
2026-01-09 10:08:00,THE INDIGO, - ,群馬,,システム,新規登録,,5,0
2026-01-09 11:30:00,にゃんこ三兄弟, - ,白箱,,手塚,入庫,,24,0
2026-01-09 11:43:00,スイートクッキー,小,包装紙,,システム,新規登録,,1200,0
2026-01-09 11:43:00,スノーフォレストリー,小,包装紙,,システム,新規登録,,4128,0
2026-01-09 11:44:00,海からころろん, - ,包装紙,,システム,新規登録,,540,0
2026-01-09 11:44:00,くるくるころりん, - ,包装紙,,システム,新規登録,,297,0
2026-01-09 11:45:00,サンドデショココ抹茶,小,包装紙,,システム,新規登録,,780,0
2026-01-09 11:45:00,ぴょんぴょんうさぎ,小,包装紙,,システム,新規登録,,572,0
2026-01-09 11:46:00,ベイク山と月,小,包装紙,,システム,新規登録,,490,0
2026-01-09 11:46:00,ベイク山と月,小,包装紙,,手塚,削除,,0,0
2026-01-09 11:46:00,ベイク山と月, - ,包装紙,,システム,新規登録,,490,0
2026-01-09 11:47:00,山の想ひ出, - ,包装紙,,システム,新規登録,,497,0
2026-01-09 11:47:00,海の想ひ出, - ,包装紙,,システム,新規登録,,698,0
2026-01-09 11:47:00,ねころん,小,包装紙,,システム,新規登録,,523,0
2026-01-09 11:47:00,ねころん,大,包装紙,,システム,新規登録,,386,0
2026-01-09 11:48:00,まるころ,大,包装紙,,システム,新規登録,,554,0
2026-01-09 11:48:00,まるころ,小,包装紙,,システム,新規登録,,554,0
2026-01-09 18:14:00,ねころん,小,包装紙,,手塚,出庫,,307,0
2026-01-13 18:02:00,ヨゾラノオクリモノ,大,一般,,手塚,入庫,,20,0
2026-01-13 18:02:00,ヨゾラノオクリモノ,小,一般,,手塚,入庫,,5,0
2026-01-14 09:28:00,赤富士小山クランチ, - ,-,,檀原,出庫,,18,0
2026-01-14 09:29:00,富士山小山クランチ, - ,-,,檀原,出庫,,3,0
2026-01-14 09:30:00,富士山小山クランチ, - ,-,,檀原,入庫,,1,0
2026-01-14 10:15:00,パンケーキ,大,那須高原,,手塚,入庫,,1,0
2026-01-14 10:15:00,パンケーキ,大,那須高原,,手塚,出庫,,1,0
2026-01-14 10:19:00,パンケーキ,大,那須高原,,手塚,入庫,,1,53
2026-01-14 10:19:00,こころかさね,大,那須高原,,手塚,出庫,,1,-1
2026-01-14 10:19:00,こころかさね,大,那須高原,,手塚,入庫,,1,0
2026-01-14 10:19:00,パンケーキ,大,那須高原,,手塚,出庫,,1,52
2026-01-14 11:24:00,ヨゾラノオクリモノ,小,一般,,手塚,入庫,,15,20
2026-01-14 18:32:00,ボクのイチオシ,小,一般,,手塚,入庫,,40,50
2026-01-15 00:03:00,パンケーキ,小,箱根,,手塚,出庫(予約実行),,10,26
2026-01-15 00:03:00,パンケーキ,小,東京,,手塚,出庫(予約実行),,20,71
2026-01-15 00:03:00,パンケーキ,小,東京サンデイ,,手塚,出庫(予約実行),,10,125
2026-01-15 17:25:00,パンケーキ,4個入,北海道,,手塚,調整,,-5,544
2026-01-15 17:26:00,パンケーキ,4個入,北海道,,手塚,調整,,5,549
2026-01-15 17:26:00,パンケーキ,4個入,北海道,,手塚,調整,,-5,544
2026-01-15 17:27:00,パンケーキ,4個入,北海道,,手塚,調整,,5,549
2026-01-15 21:07:00,ボクのイチオシ,小,一般,,手塚,入庫,,40,90
2026-01-15 21:09:00,パンケーキ,小,箱根,,手塚,入庫,,20,46
2026-01-15 21:09:00,パンケーキ,小,東京,,手塚,入庫,,50,121
2026-01-15 21:09:00,パンケーキ,小,阿蘇,,手塚,入庫,,20,51
2026-01-15 23:13:00,テスト, - ,テスト,,システム,新規登録,,0,0
2026-01-16 00:00:00,富士山ラングドゥール,大,-,,佐藤,出庫(予約実行),,8,127
2026-01-16 00:00:00,ボクのイチオシ,小,一般,,手塚,出庫(予約実行),,32,58
2026-01-16 00:00:00,パンケーキ,小,一般,,手塚,出庫(予約実行),,5,5
2026-01-16 00:00:00,パンケーキ,小,阿蘇,,手塚,出庫(予約実行),,10,41
2026-01-16 00:00:00,パンケーキ,大,阿蘇,,手塚,出庫(予約実行),,5,49
2026-01-16 00:00:00,チーズバトン, - ,白箱,,手塚,出庫(予約実行),,3,197
2026-01-16 00:00:00,ヨゾラノオクリモノ,小,一般,,手塚,出庫(予約実行),,15,5
2026-01-16 00:00:00,ヨゾラノオクリモノ,大,一般,,手塚,出庫(予約実行),,5,15
2026-01-16 09:18:00,あんサンド。, - ,伊豆,,手塚,出庫,,5,18
2026-01-16 09:36:00,パンケーキ,小,東京,,手塚,入庫,,1,122
2026-01-16 17:39:00,富士山小山クランチ, - ,-,,手塚,入庫,,96,158
2026-01-19 08:02:00,あんサンド。, - ,大阪心斎橋,,手塚,出庫(予約実行),,8,19
2026-01-19 18:43:51,あんサンド。, - ,神戸,,手塚,入庫,,12,31
2026-01-19 18:43:51,あんサンド。, - ,伊豆,,手塚,入庫,,20,38
2026-01-19 18:43:51,あんサンド。, - ,大阪心斎橋,,手塚,入庫,,20,39
2026-01-19 18:47:50,ベコのイチオシ, - ,-,,佐藤,入庫,,75,154
2026-01-20 00:02:27,パンケーキ,小,一般,,手塚,出庫(予約実行),,5,0
2026-01-20 00:02:27,パンケーキ,小,天橋立,,手塚,出庫(予約実行),,15,19
2026-01-20 13:16:42,パンケーキ,4個入,一般,,手塚,入庫,,10,10
2026-01-20 13:16:59,パンケーキ,4個入,一般,,手塚,出庫,,5,5
2026-01-20 18:09:25,しまねっこ イチオシ, - ,-,,手塚,入庫,,117,195
2026-01-21 12:16:22,しまねっこ イチオシ, - ,-,,佐藤,入庫,,62,257
2026-01-21 17:00:00,にゃんこ三兄弟, - ,白箱,,手塚,入庫,,50,1008
2026-01-22 00:02:27,パンケーキ,大,那須高原,,手塚,出庫(予約実行),,8,44
2026-01-22 00:02:27,パンケーキ,小,和歌山,,手塚,出庫(予約実行),,15,5
2026-01-22 18:06:48,にゃんこ三兄弟, - ,白箱,,手塚,入庫,,100,1108
2026-01-23 00:02:27,佐渡牛乳タルトクッキー, - ,-,,手塚,出庫(予約実行),,50,275
2026-01-23 00:02:27,富士山ラングドゥール,大,-,,手塚,出庫(予約実行),,100,27
2026-01-23 00:02:27,富士山ラングドゥール,小,-,,手塚,出庫(予約実行),,50,132
2026-01-23 13:03:40,にゃんこ三兄弟, - ,白箱,,佐藤,入庫,,70,1178
2026-01-26 09:07:28,富士山小山クランチ, - ,-,,手塚,出庫(予約実行),,30,128
2026-01-26 09:07:28,赤富士小山クランチ, - ,-,,手塚,出庫(予約実行),,20,75
2026-01-26 09:07:28,パンケーキ,小,東京,,佐藤,出庫(予約実行),,20,102
2026-01-26 09:07:28,パンケーキ,小,伊豆,,佐藤,出庫(予約実行),,10,35
2026-01-26 09:07:28,パンケーキ,大,富士山,,佐藤,出庫(予約実行),,5,43
2026-01-26 09:08:00,佐渡牛乳タルトクッキー, - ,-,,手塚,出庫,,2,273
2026-01-26 15:55,ショートクランチ, - ,-,,システム,新規登録,,0,0
2026-01-26 16:30:05,ルレ神戸,大,-,,手塚,入庫,,104,162
2026-01-27 00:03:44,富士山ラングドゥール,大,-,,手塚,出庫(予約実行),,27,0
2026-01-27 14:38:47,スイートクッキー,小,包装紙,,手塚,調整,,-13,1187
2026-01-27 16:07:44,にゃんこ三兄弟, - ,白箱,,佐藤,入庫,,125,1303
2026-01-28 00:03:44,にゃんこ三兄弟, - ,白箱,,手塚,出庫(予約実行),,110,1193
2026-01-28 00:03:44,スイートクッキー,小,包装紙,,手塚,出庫(予約実行),,155,1032
2026-01-28 00:03:44,パンケーキ,大,群馬,,手塚,出庫(予約実行),,20,18
2026-01-28 00:03:44,パンケーキ,小,群馬,,手塚,出庫(予約実行),,5,27
2026-01-28 00:03:44,パンケーキ,大,秩父,,手塚,出庫(予約実行),,5,38
2026-01-28 17:08:05,ヨゾラノオクリモノ,小,一般,,佐藤,入庫,,19,24
2026-01-28 17:10:39,パンケーキ,小,群馬,,佐藤,入庫,,10,37
2026-01-28 17:11:25,パンケーキ,小,天橋立,,佐藤,入庫,,30,49
2026-01-29 00:03:44,ヨゾラノオクリモノ,大,一般,,佐藤,出庫(予約実行),,5,10
2026-01-29 00:03:44,ヨゾラノオクリモノ,小,一般,,佐藤,出庫(予約実行),,10,14
2026-01-29 00:03:44,ポテくまくんのイチオシ, - ,-,,手塚,出庫(予約実行),,5,176
2026-01-29 00:03:44,ペンちゃんのイチオシ,小,群馬,,手塚,出庫(予約実行),,5,35
2026-01-29 09:25:23,ベイクドミルフィーネ,小,ハウステンボス,,システム,新規登録,,0,0
2026-01-30 00:03:44,富士山小山クランチ, - ,-,,手塚,出庫(予約実行),,10,118
2026-01-30 00:03:44,あんサンド。, - ,富士山,,手塚,出庫(予約実行),,5,29
2026-01-30 17:19:11,パンケーキ,大,群馬,,佐藤,入庫,,20,38
2026-01-30 17:20:12,しまねっこ イチオシ, - ,-,,佐藤,入庫,,7,264
2026-01-30 17:21:05,ベコのイチオシ, - ,-,,佐藤,入庫,,82,236
2026-02-02 08:58:30,パンケーキ,大,富士山,,手塚,出庫,,5,38
2026-02-02 08:58:30,パンケーキ,大,那須高原,,手塚,出庫,,10,34
2026-02-02 09:02:13,パンケーキ,小,富士山,,手塚,出庫,,5,27
2026-02-02 09:02:13,パンケーキ,小,福岡,,手塚,出庫,,10,26
2026-02-02 09:25:02,パンケーキ,小,福岡,,手塚,調整,,-20,6
2026-02-02 13:32:14,ベコのイチオシ, - ,-,,佐藤,入庫,,30,266
2026-02-02 17:42:36,富士山ラングドゥール,大,-,,佐藤,入庫,,199,199
2026-02-03 08:07:50,パンケーキ,小,東京,,手塚,出庫(予約実行),,20,82
2026-02-03 08:07:50,パンケーキ,小,阿蘇,,手塚,出庫(予約実行),,7,34
2026-02-03 08:07:50,パンケーキ,小,伊勢志摩,,手塚,出庫(予約実行),,10,30
2026-02-03 08:07:50,パンケーキ,小,城崎温泉,,手塚,出庫(予約実行),,5,43
2026-02-03 08:07:50,パンケーキ,小,軽井沢,,手塚,出庫(予約実行),,10,26
2026-02-03 08:07:50,パンケーキ,大,阿蘇,,手塚,出庫(予約実行),,7,42
2026-02-03 08:07:50,パンケーキ,大,宮城,,手塚,出庫(予約実行),,5,33
2026-02-03 08:07:50,パンケーキ,大,軽井沢,,手塚,出庫(予約実行),,15,35
2026-02-03 11:22:40,富士山ラングドゥール,大,-,,佐藤,入庫,,88,287
2026-02-03 18:32:33,パンケーキ,小,福井,,手塚,出庫(予約実行),,10,25
2026-02-03 18:32:33,パンケーキ,大,那須高原,,手塚,出庫(予約実行),,10,24
2026-02-03 18:32:33,パンケーキ,大,福井,,手塚,出庫(予約実行),,5,35
2026-02-03 18:32:33,パンケーキ,大,岩手,,手塚,出庫(予約実行),,5,47
2026-02-04 12:10:38,スノーフォレストリー,小,包装紙,,手塚,出庫,,60,4068
2026-02-04 12:11:04,スノーフォレストリー,小,包装紙,,手塚,調整,,-8,4060
2026-02-04 16:16:44,パンケーキ,大,那須高原,,佐藤,入庫,,30,54
2026-02-04 16:19:26,パンケーキ,小,福井,,佐藤,入庫,,20,45
2026-02-04 16:19:26,パンケーキ,小,福岡,,佐藤,入庫,,30,36
2026-02-04 16:19:26,パンケーキ,小,富士山,,佐藤,入庫,,20,47
2026-02-05 00:03:03,富士山ラングドゥール,大,-,,佐藤,出庫(予約実行),,60,227
2026-02-05 00:03:03,富士山ラングドゥール,小,-,,佐藤,出庫(予約実行),,90,42
2026-02-05 11:37:50,パンケーキ,小,阿蘇,,手塚,入庫,,20,54
2026-02-05 11:37:50,パンケーキ,小,東京,,手塚,入庫,,31,113
2026-02-05 11:37:50,パンケーキ,小,軽井沢,,手塚,入庫,,30,56
2026-02-06 08:23:52,富士山小山クランチ, - ,-,,手塚,出庫(予約実行),,10,108
2026-02-06 08:23:52,赤富士小山クランチ, - ,-,,手塚,出庫(予約実行),,10,65
2026-02-06 08:23:52,ベイクドミルフィーネ,小,ハウステンボス,,手塚,出庫(予約実行),,24,-24
2026-02-06 08:23:52,あんサンド。, - ,那須高原,,手塚,出庫(予約実行),,5,21
2026-02-06 08:23:52,パンケーキ,小,東京,,手塚,出庫(予約実行),,25,89
2026-02-06 08:23:52,パンケーキ,大,東京,,手塚,出庫(予約実行),,25,98
2026-02-06 08:23:52,パンケーキ,大,ラグナシア,,手塚,出庫(予約実行),,10,39
2026-02-06 17:52:49,ベイクドミルフィーネ,小,ハウステンボス,,手塚,入庫,,106,82
2026-02-06 17:53:25,ショートクランチ, - ,-,,手塚,入庫,,85,85
2026-02-09 08:21:05,ショートクランチ, - ,-,,手塚,出庫(予約実行),,10,75
2026-02-09 08:21:05,チーズバトン, - ,白箱,,手塚,出庫(予約実行),,40,157
2026-02-09 18:32:29,ショートクランチ, - ,-,,手塚,入庫,,164,239
2026-02-10 00:00:48,パンケーキ,小,東京,,手塚,出庫(予約実行),,20,69
2026-02-10 00:00:48,パンケーキ,小,福岡,,手塚,出庫(予約実行),,10,26
2026-02-10 00:00:48,パンケーキ,小,伊豆,,手塚,出庫(予約実行),,13,22
2026-02-10 00:00:48,パンケーキ,小,箱根,,手塚,出庫(予約実行),,10,36
2026-02-10 00:00:48,パンケーキ,小,門司港,,手塚,出庫(予約実行),,10,28
2026-02-10 00:00:48,パンケーキ,小,鹿児島,,手塚,出庫(予約実行),,10,10
2026-02-10 00:00:48,パンケーキ,大,那須高原,,手塚,出庫(予約実行),,8,46
2026-02-10 00:00:48,パンケーキ,大,岩手,,手塚,出庫(予約実行),,5,42
2026-02-10 00:00:48,パンケーキ,大,伊豆,,手塚,出庫(予約実行),,10,30
2026-02-10 00:00:48,パンケーキ,大,鹿児島,,手塚,出庫(予約実行),,10,4
2026-02-10 00:00:48,パンケーキ,大,箱根,,手塚,出庫(予約実行),,5,37
2026-02-10 09:33:59,ベイクドミルフィーネ,小,佐渡,,手塚,出庫,,10,4
2026-02-10 09:34:31,ショートクランチ, - ,-,,手塚,出庫,,5,234
2026-02-10 14:56:36,佐渡牛乳タルトクッキー, - ,-,,手塚,出庫(予約実行),,35,238
2026-02-10 15:40:11,あんサンド。, - ,八幡屋,,システム,新規登録,,0,0
2026-02-10 15:43:14,あんサンド。, - ,八幡屋,,佐藤,入庫,,20,20
2026-02-10 15:43:14,パンケーキ,小,東京,,佐藤,入庫,,49,118
2026-02-12 08:08:58,ベイクドミルフィーネ,大,佐渡,,手塚,出庫(予約実行),,5,32
2026-02-12 08:08:58,ベイクドミルフィーネ,小,桜島,,手塚,出庫(予約実行),,10,41
2026-02-12 08:08:58,あんサンド。, - ,神戸,,手塚,出庫(予約実行),,5,26
2026-02-12 08:08:58,あんサンド。, - ,大阪心斎橋,,手塚,出庫(予約実行),,3,36
2026-02-12 08:08:58,パンケーキ,小,阿蘇,,手塚,出庫(予約実行),,10,44
2026-02-12 08:08:58,パンケーキ,大,阿蘇,,手塚,出庫(予約実行),,5,37
2026-02-12 08:08:58,パンケーキ,小,信州,,手塚,出庫(予約実行),,5,30
2026-02-12 08:08:58,パンケーキ,小,東京,,手塚,出庫(予約実行),,20,98
2026-02-12 08:08:58,パンケーキ,大,軽井沢,,手塚,出庫(予約実行),,15,20
2026-02-12 08:08:58,チーズバトン, - ,白箱,,佐藤,出庫(予約実行),,10,147
2026-02-12 08:08:58,ショートクランチ, - ,-,,手塚,出庫(予約実行),,5,229
2026-02-12 12:08:50,パンケーキ,小,伊豆,,手塚,入庫,,20,42
2026-02-12 12:08:50,パンケーキ,小,福岡,,手塚,入庫,,20,46
2026-02-12 12:08:50,パンケーキ,小,門司港,,手塚,入庫,,10,38
2026-02-12 14:56:43,パンケーキ,小,東京,,手塚,入庫,,30,128
2026-02-13 00:03:42,パンケーキ,小,伊勢志摩,,手塚,出庫(予約実行),,10,20
2026-02-13 00:03:42,パンケーキ,小,淡路島,,手塚,出庫(予約実行),,6,39
2026-02-16 07:54:05,富士山小山クランチ, - ,-,,手塚,出庫(予約実行),,10,98
2026-02-16 07:54:05,赤富士小山クランチ, - ,-,,手塚,出庫(予約実行),,10,55
2026-02-16 07:54:05,パンケーキ,大,東京,,佐藤,出庫(予約実行),,20,78
2026-02-16 07:54:05,パンケーキ,大,秩父,,佐藤,出庫(予約実行),,5,33
2026-02-16 07:54:05,パンケーキ,小,東京,,佐藤,出庫(予約実行),,40,88
2026-02-16 07:54:05,パンケーキ,小,東京サンデイ,,佐藤,出庫(予約実行),,25,100
2026-02-16 07:54:05,富士山ラングドゥール,大,-,,佐藤,出庫(予約実行),,5,222
2026-02-13 09:04:41,パンケーキ,小,東京サンデイ,,手塚,入庫,,25,125
2026-02-13 09:04:41,パンケーキ,小,伊勢志摩,,手塚,入庫,,20,40
2026-02-13 09:04:41,パンケーキ,小,富士山,,手塚,入庫,,20,67
2026-02-16 18:32:24,パンケーキ,小,天橋立,,佐藤,入庫,,20,69
2026-02-16 18:34:43,パンケーキ,大,東京,,佐藤,入庫,,21,99
2026-02-16 18:34:43,パンケーキ,大,軽井沢,,佐藤,入庫,,18,38
2026-02-16 18:34:43,パンケーキ,大,伊豆,,佐藤,入庫,,20,50
2026-02-16 18:34:43,パンケーキ,大,那須高原,,佐藤,入庫,,20,66
2026-02-16 18:34:43,パンケーキ,大,鹿児島,,佐藤,入庫,,9,13
2026-02-17 00:03:51,ベコのイチオシ, - ,-,,手塚,出庫(予約実行),,10,256
2026-02-17 00:03:51,ボクのイチオシ,小,一般,,手塚,出庫(予約実行),,5,53
2026-02-17 00:03:51,さがラングドシャ,大,-,,佐藤,出庫(予約実行),,40,56
2026-02-17 00:03:51,さがラングドシャ,小,-,,佐藤,出庫(予約実行),,40,33
2026-02-17 00:03:51,ストロベリーフィーユ, - ,-,,佐藤,出庫(予約実行),,35,262
2026-02-17 00:03:51,パンケーキ,小,城崎温泉,,佐藤,出庫(予約実行),,5,38
2026-02-17 00:03:51,パンケーキ,小,天橋立,,佐藤,出庫(予約実行),,20,49
2026-02-17 00:03:51,パンケーキ,大,宮城,,佐藤,出庫(予約実行),,5,28
2026-02-17 00:03:51,ベイクドミルフィーネ,小,群馬,,手塚,出庫(予約実行),,5,18
2026-02-17 00:03:51,ベイクドミルフィーネ,小,函館,,手塚,出庫(予約実行),,10,11
2026-02-17 12:24:04,富士山ラングドゥール,大,-,,手塚,入庫,,46,268
2026-02-18 17:02:50,ベイクドミルフィーネ,小,群馬,,手塚,入庫,,10,28
2026-02-18 17:02:50,ベイクドミルフィーネ,小,函館,,手塚,入庫,,17,28
2026-02-18 17:02:50,ベイクドミルフィーネ,小,佐渡,,手塚,入庫,,29,33
2026-02-19 00:00:13,ストロベリーフィーユ, - ,-,,手塚,出庫(予約実行),,1,260
2026-02-19 00:00:13,チーズバトン, - ,白箱,,手塚,出庫(予約実行),,5,142
2026-02-19 00:00:13,富士山ラングドゥール,大,-,,佐藤,出庫(予約実行),,60,208
2026-02-19 00:00:13,パンケーキ,小,富士山,,手塚,出庫(予約実行),,20,47
2026-02-19 00:00:13,パンケーキ,小,東京,,手塚,出庫(予約実行),,30,58
2026-02-19 00:00:13,パンケーキ,小,阿蘇,,手塚,出庫(予約実行),,5,39
2026-02-19 00:00:13,パンケーキ,小,軽井沢,,手塚,出庫(予約実行),,5,51
2026-02-19 00:00:13,パンケーキ,小,福井,,手塚,出庫(予約実行),,10,35
2026-02-19 00:00:13,パンケーキ,小,京都,,手塚,出庫(予約実行),,5,35
2026-02-19 00:00:13,パンケーキ,小,舞浜ユーラシア,,手塚,出庫(予約実行),,5,28
2026-02-19 00:00:13,パンケーキ,小,栃木,,手塚,出庫(予約実行),,6,37
2026-02-19 00:00:13,パンケーキ,小,金沢,,手塚,出庫(予約実行),,5,39
2026-02-19 00:00:13,パンケーキ,大,那須高原,,手塚,出庫(予約実行),,10,56
2026-02-19 00:00:13,パンケーキ,大,阿蘇,,手塚,出庫(予約実行),,5,32
2026-02-19 00:00:13,パンケーキ,大,岩手,,手塚,出庫(予約実行),,10,32
2026-02-19 00:00:13,パンケーキ,大,福井,,手塚,出庫(予約実行),,5,30
2026-02-19 00:00:13,パンケーキ,大,富士山,,手塚,出庫(予約実行),,10,28
2026-02-19 00:00:13,パンケーキ,大,栃木,,手塚,出庫(予約実行),,6,39
2026-02-20 00:00:12,富士山小山クランチ, - ,-,,手塚,出庫(予約実行),,10,88
2026-02-20 00:00:12,富士山小山クランチ, - ,-,,手塚,出庫(予約実行),,20,68
2026-02-20 00:00:12,しまねっこ イチオシ, - ,-,,手塚,出庫(予約実行),,6,258
2026-02-20 00:00:12,カカオフィーユ,小,-,,手塚,出庫(予約実行),,11,241
2026-02-20 00:00:12,カカオフィーユ,大,-,,手塚,出庫(予約実行),,40,284
2026-02-20 00:00:12,パンケーキ,小,阿蘇,,手塚,出庫(予約実行),,5,34
2026-02-20 00:00:12,パンケーキ,小,東京,,手塚,出庫(予約実行),,40,18
2026-02-20 00:00:12,パンケーキ,小,広島,,手塚,出庫(予約実行),,5,36
2026-02-20 00:00:12,パンケーキ,大,阿蘇,,手塚,出庫(予約実行),,5,27
2026-02-20 00:00:12,パンケーキ,大,東京,,手塚,出庫(予約実行),,35,64
2026-02-20 11:46:34,カカオフィーユ,小,-,,手塚,調整,,15,241
2026-02-20 11:46:34,カカオフィーユ,大,-,,手塚,調整,,15,284
2026-02-20 17:42:27,パンケーキ,小,東京,,佐藤,入庫,,40,58
2026-02-20 17:45:25,ショートクランチ, - ,-,,佐藤,入庫,,115,344
2026-02-24 09:05:11,パンケーキ,小,伊豆,,手塚,出庫(予約実行),,15,27
2026-02-24 09:05:11,パンケーキ,大,那須高原,,手塚,出庫(予約実行),,10,46
2026-02-24 09:05:11,パンケーキ,大,秩父,,手塚,出庫(予約実行),,5,28
2026-02-25 09:04:09,ベイクドミルフィーネ,小,佐渡,,手塚,出庫(予約実行),,5,28
2026-02-25 11:45:05,パンケーキ,小,東京,,手塚,入庫,,60,118
2026-02-25 17:58:37,パンケーキ,小,一般,,佐藤,入庫,,15,15
2026-02-25 17:59:16,パンケーキ,小,伊豆,,佐藤,入庫,,21,48
2026-02-26 07:05:10,パンケーキ,小,一般,,手塚,出庫(予約実行),,15,0
2026-02-26 07:05:10,パンケーキ,小,城崎温泉,,手塚,出庫(予約実行),,5,33
2026-02-26 07:05:10,パンケーキ,小,門司港,,手塚,出庫(予約実行),,10,28
2026-02-26 07:05:10,パンケーキ,小,信州,,手塚,出庫(予約実行),,5,25
2026-02-26 07:05:10,パンケーキ,小,草津温泉,,手塚,出庫(予約実行),,6,30
2026-02-26 07:05:10,パンケーキ,小,大分,,手塚,出庫(予約実行),,10,30
2026-02-26 07:05:10,パンケーキ,大,草津温泉,,手塚,出庫(予約実行),,5,23
2026-02-26 07:05:10,パンケーキ,大,岩手,,手塚,出庫(予約実行),,15,17
2026-02-26 07:05:10,パンケーキ,大,群馬,,手塚,出庫(予約実行),,15,23
2026-02-26 07:05:10,パンケーキ,大,大分,,手塚,出庫(予約実行),,10,42
2026-02-26 07:05:10,パンケーキ,大,伊香保,,手塚,出庫(予約実行),,5,43
2026-02-26 07:05:10,あんサンド。, - ,大阪心斎橋,,手塚,出庫(予約実行),,5,31
2026-02-26 07:05:10,あんサンド。, - ,八幡屋,,手塚,出庫(予約実行),,5,15
2026-02-26 07:05:10,ベイクドミルフィーネ,小,函館,,佐藤,出庫(予約実行),,10,18
2026-02-27 00:04:54,チーズバトン, - ,白箱,,手塚,出庫(予約実行),,20,122
2026-02-27 00:04:54,佐渡牛乳タルトクッキー, - ,-,,手塚,出庫(予約実行),,55,183
2026-02-27 00:04:54,富士山小山クランチ, - ,-,,手塚,出庫(予約実行),,10,58
2026-02-27 00:04:54,赤富士小山クランチ, - ,-,,手塚,出庫(予約実行),,10,45
2026-02-27 00:04:54,パンケーキ,小,群馬,,佐藤,出庫(予約実行),,5,32
2026-02-27 00:04:54,パンケーキ,4個入,一般,,佐藤,出庫(予約実行),,5,0
2026-02-27 00:04:54,パンケーキ,小,金沢,,佐藤,出庫(予約実行),,5,34
2026-02-27 00:04:54,パンケーキ,小,福井,,佐藤,出庫(予約実行),,15,20
2026-02-27 00:04:54,パンケーキ,小,青森,,佐藤,出庫(予約実行),,5,39
2026-02-27 00:04:54,パンケーキ,大,東京,,佐藤,出庫(予約実行),,10,54
2026-02-27 00:04:54,パンケーキ,大,福井,,佐藤,出庫(予約実行),,10,20
2026-02-27 00:04:54,パンケーキ,大,福岡,,佐藤,出庫(予約実行),,10,42
2026-02-27 00:04:54,パンケーキ,大,青森,,佐藤,出庫(予約実行),,5,34
2026-02-27 09:18:14,しまねっこ イチオシ, - ,-,,手塚,調整,,12,258
2026-02-27 15:14:56,ショートクランチ, - ,-,,佐藤,出庫,,3,341
2026-02-27 15:27:26,チーズバトン, - ,白箱,,佐藤,出庫(予約実行),,5,117
2026-03-02 09:21:39,ベイクドミルフィーネ,小,高崎山,,手塚,出庫(予約実行),,10,31
2026-03-02 09:21:39,パンケーキ,大,東京,,手塚,出庫(予約実行),,30,24
2026-03-02 09:21:39,パンケーキ,大,伊豆,,手塚,出庫(予約実行),,10,40
2026-03-02 09:21:39,パンケーキ,小,東京,,手塚,出庫(予約実行),,20,98
2026-03-02 09:21:39,パンケーキ,小,淡路島,,手塚,出庫(予約実行),,5,34
2026-03-02 09:21:39,パンケーキ,小,富山,,手塚,出庫(予約実行),,5,42
2026-03-02 09:21:39,パンケーキ,小,佐賀,,手塚,出庫(予約実行),,10,36
2026-03-02 09:24:45,ショートクランチ, - ,-,,手塚,出庫(予約実行),,16,325
2026-03-02 10:17:01,富士山ラングドゥール,小,-,,手塚,入庫,,233,275
2026-03-02 10:18:57,パンケーキ,小,淡路島 org,,システム,新規登録,,0,0
2026-03-02 10:20:02,パンケーキ,小,淡路島 org,,手塚,入庫,,50,50
2026-03-02 10:26:28,富士山ラングドゥール,小,-,,手塚,調整,,-19,256
2026-03-02 11:22:54,富士山小山クランチ, - ,-,,佐藤,調整,,-1,57
2026-03-02 11:22:54,赤富士小山クランチ, - ,-,,佐藤,調整,,1,46
2026-03-02 18:20:41,パンケーキ,大,富士山,,佐藤,調整,,-10,18
2026-03-03 11:11:49,パンケーキ,小,淡路島,,手塚,出庫(予約実行),,5,29
2026-03-03 11:11:49,パンケーキ,小,阿蘇,,手塚,出庫(予約実行),,10,24
2026-03-03 11:11:49,パンケーキ,小,軽井沢,,手塚,出庫(予約実行),,15,36
2026-03-03 11:11:49,パンケーキ,小,富士山,,手塚,出庫(予約実行),,15,32
2026-03-03 11:11:49,パンケーキ,小,伊勢志摩,,手塚,出庫(予約実行),,10,30
2026-03-03 11:11:49,パンケーキ,小,福岡,,手塚,出庫(予約実行),,10,36
2026-03-03 11:11:49,パンケーキ,小,上高地,,手塚,出庫(予約実行),,5,32
2026-03-03 11:11:49,パンケーキ,大,那須高原,,手塚,出庫(予約実行),,10,36
2026-03-03 11:11:49,パンケーキ,大,阿蘇,,手塚,出庫(予約実行),,10,17
2026-03-03 11:11:49,パンケーキ,大,富士山,,手塚,出庫(予約実行),,30,-12
2026-03-03 11:11:49,パンケーキ,大,軽井沢,,手塚,出庫(予約実行),,10,28
2026-03-03 11:11:49,パンケーキ,大,箱根,,手塚,出庫(予約実行),,6,31
2026-03-03 14:01:02,パンケーキ,小,東京,,手塚,入庫,,20,118
2026-03-03 14:01:02,パンケーキ,小,福井,,手塚,入庫,,20,40
2026-03-03 14:01:02,パンケーキ,小,門司港,,手塚,入庫,,10,38
2026-03-03 14:01:02,パンケーキ,小,信州,,手塚,入庫,,21,46
2026-03-03 14:01:42,パンケーキ,大,東京,,手塚,入庫,,72,96
2026-03-03 14:02:36,パンケーキ,大,富士山,,手塚,入庫,,12,0
2026-03-04 00:01:35,にゃんこ三兄弟, - ,白箱,,手塚,出庫(予約実行),,96,1097
2026-03-04 00:01:35,ペンちゃんのイチオシ,小,群馬,,手塚,出庫(予約実行),,18,17
2026-03-04 07:56:13,パンケーキ,大,東京,,佐藤,入庫,,29,125
2026-03-04 07:57:09,パンケーキ,大,富士山,,佐藤,入庫,,37,37
2026-03-04 07:57:45,パンケーキ,大,草津温泉,,佐藤,入庫,,20,43
2026-03-04 07:58:42,パンケーキ,大,福井,,佐藤,入庫,,20,40
2026-03-04 07:58:42,パンケーキ,大,岩手,,佐藤,入庫,,20,37
2026-03-04 08:00:28,パンケーキ,大,阿蘇,,佐藤,入庫,,10,27
2026-03-04 08:00:28,パンケーキ,大,群馬,,佐藤,入庫,,20,43
2026-03-04 08:00:28,パンケーキ,大,宮城,,佐藤,入庫,,20,48
2026-03-04 18:07:17,パンケーキ,大,阿蘇,,佐藤,入庫,,10,37
2026-03-04 18:07:17,パンケーキ,大,岩手,,佐藤,入庫,,18,55
2026-03-04 18:07:17,パンケーキ,大,那須高原,,佐藤,入庫,,10,46
2026-03-04 18:07:17,パンケーキ,大,秩父,,佐藤,入庫,,20,48
2026-03-04 18:08:18,パンケーキ,小,富士山,,佐藤,入庫,,20,52
2026-03-04 18:08:18,パンケーキ,小,伊勢志摩,,佐藤,入庫,,20,50
2026-03-04 18:08:18,パンケーキ,小,阿蘇,,佐藤,入庫,,20,44
2026-03-05 00:01:35,パンケーキ,小,富士山,,手塚,出庫(予約実行),,5,47
2026-03-05 00:01:35,パンケーキ,小,伊勢志摩,,手塚,出庫(予約実行),,10,40
2026-03-05 00:01:35,パンケーキ,小,天橋立,,手塚,出庫(予約実行),,20,29
2026-03-05 00:01:35,パンケーキ,小,東京サンデイ,,手塚,出庫(予約実行),,25,100
2026-03-05 00:01:35,パンケーキ,大,富士山,,手塚,出庫(予約実行),,5,32
2026-03-05 00:01:35,パンケーキ,大,那須高原,,手塚,出庫(予約実行),,15,31
2026-03-05 00:01:35,パンケーキ,大,岩手,,手塚,出庫(予約実行),,25,30
2026-03-05 00:01:35,パンケーキ,大,秋田,,手塚,出庫(予約実行),,5,46
2026-03-05 00:01:35,あんサンド。, - ,富士山,,手塚,出庫(予約実行),,10,19
2026-03-05 00:01:35,ベイクドミルフィーネ,大,佐渡,,手塚,出庫(予約実行),,5,27
2026-03-05 10:49:09,あんサンド。, - ,八幡屋,,手塚,出庫,,5,10
2026-03-05 13:08:20,パンケーキ,小,富士山,,手塚,出庫(予約実行),,8,39
2026-03-05 13:08:20,パンケーキ,小,信州,,手塚,出庫(予約実行),,5,41
2026-03-05 13:08:20,パンケーキ,小,軽井沢,,手塚,出庫(予約実行),,5,31
2026-03-05 13:08:20,パンケーキ,小,城崎温泉,,手塚,出庫(予約実行),,10,23
2026-03-05 13:08:20,パンケーキ,小,大分,,手塚,出庫(予約実行),,10,20
2026-03-05 13:08:20,パンケーキ,小,伊豆,,手塚,出庫(予約実行),,15,33
2026-03-05 13:08:20,パンケーキ,小,栃木,,手塚,出庫(予約実行),,11,26
2026-03-05 13:08:20,パンケーキ,小,箱根,,手塚,出庫(予約実行),,10,26
2026-03-05 13:08:20,パンケーキ,小,和歌山,,手塚,出庫(予約実行),,10,-5
2026-03-05 13:08:20,パンケーキ,小,大山,,手塚,出庫(予約実行),,5,36
2026-03-05 13:08:20,パンケーキ,大,那須高原,,手塚,出庫(予約実行),,15,16
2026-03-05 13:08:20,パンケーキ,大,富士山,,手塚,出庫(予約実行),,7,25
2026-03-05 13:08:20,パンケーキ,大,東京,,手塚,出庫(予約実行),,30,95
2026-03-05 13:08:20,パンケーキ,大,箱根,,手塚,出庫(予約実行),,6,25
2026-03-05 13:08:20,パンケーキ,大,伊豆,,手塚,出庫(予約実行),,10,30
2026-03-05 13:08:20,パンケーキ,大,大分,,手塚,出庫(予約実行),,10,32
2026-03-05 13:08:20,パンケーキ,大,栃木,,手塚,出庫(予約実行),,11,28
2026-03-05 13:08:20,パンケーキ,大,ラグナシア,,手塚,出庫(予約実行),,25,14
2026-03-05 14:24:59,パンケーキ,小,城崎温泉,,手塚,調整,,-25,-2
2026-03-05 18:47:45,パンケーキ,小,城崎温泉,,手塚,入庫,,2,0
2026-03-05 18:47:45,パンケーキ,小,和歌山,,手塚,入庫,,5,0
2026-03-06 11:36:22,富士山小山クランチ, - ,-,,手塚,出庫,,20,37
2026-03-09 07:57:37,チーズバトン, - ,GUNMA（群馬）,,手塚,出庫(予約実行),,5,24
2026-03-09 07:57:37,チーズバトン, - ,いずもちーずけーき,,手塚,出庫(予約実行),,5,15
2026-03-09 07:57:37,チーズバトン, - ,一般,,手塚,出庫(予約実行),,10,10
2026-03-09 07:57:37,パンケーキ,大,岩手,,手塚,出庫(予約実行),,10,20
2026-03-09 07:57:37,パンケーキ,大,軽井沢,,手塚,出庫(予約実行),,20,8
2026-03-09 07:57:37,パンケーキ,大,伊豆,,手塚,出庫(予約実行),,10,20
2026-03-09 07:57:37,パンケーキ,小,東京,,手塚,出庫(予約実行),,30,88
2026-03-09 07:57:37,パンケーキ,小,軽井沢,,手塚,出庫(予約実行),,15,16
2026-03-09 07:57:37,パンケーキ,小,伊豆,,手塚,出庫(予約実行),,15,18
2026-03-09 07:57:37,パンケーキ,小,箱根,,手塚,出庫(予約実行),,10,16
2026-03-09 00:02:22,ベイクドミルフィーネ,小,函館,,手塚,出庫(予約実行),,15,3
2026-03-10 08:08:25,ショートクランチ, - ,-,,手塚,出庫(予約実行),,15,310
2026-03-09 08:43:24,パンケーキ,小,伊豆,,手塚,出庫,,5,13
2026-03-10 09:15:41,パンケーキ,小,伊豆,,手塚,入庫,,15,28
2026-03-10 09:15:41,パンケーキ,小,軽井沢,,手塚,入庫,,10,26
2026-03-10 09:15:41,パンケーキ,小,箱根,,手塚,入庫,,10,26
2026-03-10 09:15:41,パンケーキ,小,城崎温泉,,手塚,入庫,,33,33
2026-03-10 09:16:20,パンケーキ,大,那須高原,,手塚,入庫,,14,30
2026-03-10 09:29:43,ショートクランチ, - ,-,,手塚,出庫,,2,308
2026-03-10 09:42:27,しまねっこ イチオシ, - ,-,,手塚,調整,,12,258
2026-03-10 10:02:43,富士山小山クランチ, - ,-,,佐藤,入庫,,60,97
